{
  "bones": [
    {
      "name": "root"
    },
    {
      "name": "bone",
      "parent": "root"
    },
    {
      "name": "item_1bd",
      "parent": "bone",
      "length": 68.13,
      "rotation": 88.9,
      "x": 2.9,
      "y": -45.14
    },
    {
      "name": "item_1bd3",
      "parent": "item_1bd",
      "length": 63.59,
      "rotation": -23.88,
      "x": 40.24,
      "y": 19.77
    },
    {
      "name": "item_1T1",
      "parent": "item_1bd3",
      "length": 35.03,
      "rotation": -175.83,
      "x": -11.68,
      "y": -9.05
    },
    {
      "name": "item_1T2",
      "parent": "item_1bd3",
      "length": 30.58,
      "rotation": 15.12,
      "x": 4.79,
      "y": -59.91
    },
    {
      "name": "item_1ec",
      "parent": "item_1bd3",
      "length": 37.95,
      "rotation": -86.27,
      "x": 45.51,
      "y": 13.98
    }
  ],
  "slots": [
    {
      "name": "item_1bg",
      "bone": "bone",
      "attachment": "item_1bg"
    },
    {
      "name": "item_1bd",
      "bone": "item_1bd3",
      "attachment": "item_1bd"
    },
    {
      "name": "item_1T2",
      "bone": "item_1T2",
      "attachment": "item_1T2"
    },
    {
      "name": "item_1T1",
      "bone": "item_1T1",
      "attachment": "item_1T1"
    },
    {
      "name": "item_1ec",
      "bone": "item_1ec",
      "color": "ffffff00"
    }
  ],
  "skins": {
    "default": {
      "item_1T1": {
        "item_1T1": {
          "x": 22.9,
          "y": -3.79,
          "rotation": 110.81,
          "width": 58,
          "height": 58
        }
      },
      "item_1T2": {
        "item_1T2": {
          "x": 16.47,
          "y": 1.58,
          "rotation": -80.13,
          "width": 51,
          "height": 76
        }
      },
      "item_1bd": {
        "item_1bd": {
          "x": 9.91,
          "y": -8.17,
          "rotation": -65.02,
          "width": 117,
          "height": 131
        }
      },
      "item_1bg": {
        "item_1bg": {
          "x": -4.5,
          "y": 2,
          "width": 153,
          "height": 140
        }
      },
      "item_1ec": {
        "item_1ec": {
          "x": 19.84,
          "y": 1.39,
          "rotation": 21.25,
          "width": 71,
          "height": 42
        }
      }
    }
  },
  "animations": {
    "animation": {
      "slots": {
        "item_1ec": {
          "color": [
            {
              "time": 0,
              "color": "ffffff00",
              "curve": "stepped"
            },
            {
              "time": 1.3333,
              "color": "ffffff00"
            }
          ],
          "attachment": [
            {
              "time": 0,
              "name": null
            },
            {
              "time": 1.3333,
              "name": null
            }
          ]
        }
      },
      "bones": {
        "root": {
          "rotate": [
            {
              "time": 0,
              "angle": 0,
              "curve": "stepped"
            },
            {
              "time": 1.3333,
              "angle": 0
            }
          ],
          "translate": [
            {
              "time": 0,
              "x": 0,
              "y": 0,
              "curve": "stepped"
            },
            {
              "time": 1.3333,
              "x": 0,
              "y": 0
            }
          ],
          "scale": [
            {
              "time": 0,
              "x": 1,
              "y": 1,
              "curve": "stepped"
            },
            {
              "time": 1.3333,
              "x": 1,
              "y": 1
            }
          ]
        },
        "bone": {
          "rotate": [
            {
              "time": 0,
              "angle": 0,
              "curve": "stepped"
            },
            {
              "time": 1.3333,
              "angle": 0
            }
          ],
          "translate": [
            {
              "time": 0,
              "x": 0,
              "y": 0,
              "curve": "stepped"
            },
            {
              "time": 1.3333,
              "x": 0,
              "y": 0
            }
          ],
          "scale": [
            {
              "time": 0,
              "x": 1,
              "y": 1,
              "curve": "stepped"
            },
            {
              "time": 1.3333,
              "x": 1,
              "y": 1
            }
          ]
        },
        "item_1bd": {
          "rotate": [
            {
              "time": 0,
              "angle": 0,
              "curve": "stepped"
            },
            {
              "time": 1.3333,
              "angle": 0
            }
          ],
          "translate": [
            {
              "time": 0,
              "x": 0,
              "y": 0,
              "curve": "stepped"
            },
            {
              "time": 1.3333,
              "x": 0,
              "y": 0
            }
          ],
          "scale": [
            {
              "time": 0,
              "x": 1,
              "y": 1,
              "curve": "stepped"
            },
            {
              "time": 1.3333,
              "x": 1,
              "y": 1
            }
          ]
        },
        "item_1bd3": {
          "rotate": [
            {
              "time": 0,
              "angle": 0,
              "curve": "stepped"
            },
            {
              "time": 1.3333,
              "angle": 0
            }
          ],
          "translate": [
            {
              "time": 0,
              "x": 0,
              "y": 0
            },
            {
              "time": 0.6667,
              "x": 0.04,
              "y": -1.91
            },
            {
              "time": 1.3333,
              "x": 0,
              "y": 0
            }
          ],
          "scale": [
            {
              "time": 0,
              "x": 1,
              "y": 1
            },
            {
              "time": 0.6667,
              "x": 0.956,
              "y": 1
            },
            {
              "time": 1.3333,
              "x": 1,
              "y": 1
            }
          ]
        },
        "item_1ec": {
          "rotate": [
            {
              "time": 0,
              "angle": 0,
              "curve": "stepped"
            },
            {
              "time": 1.3333,
              "angle": 0
            }
          ],
          "translate": [
            {
              "time": 0,
              "x": 0,
              "y": 0,
              "curve": "stepped"
            },
            {
              "time": 1.3333,
              "x": 0,
              "y": 0
            }
          ],
          "scale": [
            {
              "time": 0,
              "x": 1,
              "y": 1,
              "curve": "stepped"
            },
            {
              "time": 1.3333,
              "x": 1,
              "y": 1
            }
          ]
        },
        "item_1T1": {
          "rotate": [
            {
              "time": 0,
              "angle": 0
            },
            {
              "time": 0.3333,
              "angle": 349.12
            },
            {
              "time": 1,
              "angle": 10.68
            },
            {
              "time": 1.3333,
              "angle": 0
            }
          ],
          "translate": [
            {
              "time": 0,
              "x": 0,
              "y": 0,
              "curve": "stepped"
            },
            {
              "time": 1.3333,
              "x": 0,
              "y": 0
            }
          ],
          "scale": [
            {
              "time": 0,
              "x": 1,
              "y": 1
            },
            {
              "time": 0.6667,
              "x": 1.116,
              "y": 1
            },
            {
              "time": 1.3333,
              "x": 1,
              "y": 1
            }
          ]
        },
        "item_1T2": {
          "rotate": [
            {
              "time": 0,
              "angle": 0
            },
            {
              "time": 0.3333,
              "angle": 9.1,
              "curve": "stepped"
            },
            {
              "time": 0.6667,
              "angle": 9.1
            },
            {
              "time": 1.3333,
              "angle": 0
            }
          ],
          "translate": [
            {
              "time": 0,
              "x": 0,
              "y": 0,
              "curve": "stepped"
            },
            {
              "time": 1.3333,
              "x": 0,
              "y": 0
            }
          ],
          "scale": [
            {
              "time": 0,
              "x": 1,
              "y": 1
            },
            {
              "time": 0.6667,
              "x": 1.182,
              "y": 1
            },
            {
              "time": 1.3333,
              "x": 1,
              "y": 1
            }
          ]
        }
      }
    },
    "win": {
      "slots": {
        "item_1ec": {
          "color": [
            {
              "time": 0,
              "color": "ffffff00",
              "curve": "stepped"
            },
            {
              "time": 0.3333,
              "color": "ffffff00"
            },
            {
              "time": 0.5,
              "color": "ffffffff",
              "curve": "stepped"
            },
            {
              "time": 0.8333,
              "color": "ffffffff"
            },
            {
              "time": 0.9,
              "color": "ffffff00",
              "curve": "stepped"
            },
            {
              "time": 1.3333,
              "color": "ffffff00"
            }
          ],
          "attachment": [
            {
              "time": 0,
              "name": null
            },
            {
              "time": 0.5,
              "name": "item_1ec"
            },
            {
              "time": 0.8333,
              "name": null
            },
            {
              "time": 0.9,
              "name": null
            },
            {
              "time": 1.3333,
              "name": null
            }
          ]
        }
      },
      "bones": {
        "root": {
          "rotate": [
            {
              "time": 0,
              "angle": 0,
              "curve": "stepped"
            },
            {
              "time": 1.3333,
              "angle": 0
            }
          ],
          "translate": [
            {
              "time": 0,
              "x": 0,
              "y": 0,
              "curve": "stepped"
            },
            {
              "time": 1.3333,
              "x": 0,
              "y": 0
            }
          ],
          "scale": [
            {
              "time": 0,
              "x": 1,
              "y": 1,
              "curve": "stepped"
            },
            {
              "time": 1.3333,
              "x": 1,
              "y": 1
            }
          ]
        },
        "item_1T2": {
          "rotate": [
            {
              "time": 0,
              "angle": 0
            },
            {
              "time": 0.3333,
              "angle": 9.1,
              "curve": "stepped"
            },
            {
              "time": 0.6667,
              "angle": 9.1
            },
            {
              "time": 1.3333,
              "angle": 0
            }
          ],
          "translate": [
            {
              "time": 0,
              "x": 0,
              "y": 0,
              "curve": "stepped"
            },
            {
              "time": 1.3333,
              "x": 0,
              "y": 0
            }
          ],
          "scale": [
            {
              "time": 0,
              "x": 1,
              "y": 1
            },
            {
              "time": 0.6667,
              "x": 1.182,
              "y": 1
            },
            {
              "time": 1.3333,
              "x": 1,
              "y": 1
            }
          ]
        },
        "item_1T1": {
          "rotate": [
            {
              "time": 0,
              "angle": 0
            },
            {
              "time": 0.3333,
              "angle": 349.12
            },
            {
              "time": 1,
              "angle": 10.68
            },
            {
              "time": 1.3333,
              "angle": 0
            }
          ],
          "translate": [
            {
              "time": 0,
              "x": 0,
              "y": 0,
              "curve": "stepped"
            },
            {
              "time": 1.3333,
              "x": 0,
              "y": 0
            }
          ],
          "scale": [
            {
              "time": 0,
              "x": 1,
              "y": 1
            },
            {
              "time": 0.6667,
              "x": 1.116,
              "y": 1
            },
            {
              "time": 1.3333,
              "x": 1,
              "y": 1
            }
          ]
        },
        "item_1bd": {
          "rotate": [
            {
              "time": 0,
              "angle": 0,
              "curve": "stepped"
            },
            {
              "time": 1.3333,
              "angle": 0
            }
          ],
          "translate": [
            {
              "time": 0,
              "x": 0,
              "y": 0,
              "curve": "stepped"
            },
            {
              "time": 1.3333,
              "x": 0,
              "y": 0
            }
          ],
          "scale": [
            {
              "time": 0,
              "x": 1,
              "y": 1,
              "curve": "stepped"
            },
            {
              "time": 1.3333,
              "x": 1,
              "y": 1
            }
          ]
        },
        "bone": {
          "rotate": [
            {
              "time": 0,
              "angle": 0,
              "curve": "stepped"
            },
            {
              "time": 0.6667,
              "angle": 0,
              "curve": "stepped"
            },
            {
              "time": 1.3333,
              "angle": 0
            }
          ],
          "translate": [
            {
              "time": 0,
              "x": 0,
              "y": 0
            },
            {
              "time": 0.3333,
              "x": 0,
              "y": 11.4
            },
            {
              "time": 0.6667,
              "x": 0,
              "y": 0
            },
            {
              "time": 1,
              "x": 0,
              "y": 11.4
            },
            {
              "time": 1.3333,
              "x": 0,
              "y": 0
            }
          ],
          "scale": [
            {
              "time": 0,
              "x": 1,
              "y": 1,
              "curve": "stepped"
            },
            {
              "time": 0.6667,
              "x": 1,
              "y": 1,
              "curve": "stepped"
            },
            {
              "time": 1.3333,
              "x": 1,
              "y": 1
            }
          ]
        },
        "item_1bd3": {
          "rotate": [
            {
              "time": 0,
              "angle": 0,
              "curve": "stepped"
            },
            {
              "time": 1.3333,
              "angle": 0
            }
          ],
          "translate": [
            {
              "time": 0,
              "x": 0,
              "y": 0
            },
            {
              "time": 0.6667,
              "x": 0.04,
              "y": -1.91
            },
            {
              "time": 1.3333,
              "x": 0,
              "y": 0
            }
          ],
          "scale": [
            {
              "time": 0,
              "x": 1,
              "y": 1
            },
            {
              "time": 0.6667,
              "x": 0.956,
              "y": 1
            },
            {
              "time": 1.3333,
              "x": 1,
              "y": 1
            }
          ]
        },
        "item_1ec": {
          "rotate": [
            {
              "time": 0,
              "angle": 0,
              "curve": "stepped"
            },
            {
              "time": 1.3333,
              "angle": 0
            }
          ],
          "translate": [
            {
              "time": 0,
              "x": 0,
              "y": 0,
              "curve": "stepped"
            },
            {
              "time": 1.3333,
              "x": 0,
              "y": 0
            }
          ],
          "scale": [
            {
              "time": 0,
              "x": 1,
              "y": 1,
              "curve": "stepped"
            },
            {
              "time": 1.3333,
              "x": 1,
              "y": 1
            }
          ]
        }
      }
    }
  }
}