{
  "bones": [
    {
      "name": "root"
    },
    {
      "name": "rda",
      "parent": "root",
      "length": 90.63,
      "rotation": 89.55,
      "x": 11.03,
      "y": -25.28
    },
    {
      "name": "r",
      "parent": "rda",
      "length": 130.91,
      "rotation": -23.48,
      "x": 67.5,
      "y": -29.92
    },
    {
      "name": "r1",
      "parent": "rda",
      "length": 225.14,
      "rotation": 0.45,
      "x": 124.17,
      "y": 56.2
    }
  ],
  "slots": [
    {
      "name": "r1",
      "bone": "r1",
      "attachment": "r1"
    },
    {
      "name": "r",
      "bone": "r",
      "attachment": "r"
    },
    {
      "name": "rda",
      "bone": "rda",
      "attachment": "rda"
    }
  ],
  "skins": {
    "default": {
      "r": {
        "r": {
          "type": "mesh",
          "uvs": [
            1,
            1,
            0,
            1,
            0,
            0,
            1,
            0,
            0.0399,
            0.34383,
            0.15538,
            0.74679,
            0.35864,
            0.91428,
            0.19234,
            0.85602,
            0.23309,
            0.81082,
            0.518,
            0.63755,
            0.5157,
            0.37781,
            0.26163,
            0.59386,
            0.49953,
            0.28557,
            0.81134,
            0.1205,
            0.68661,
            0.64726,
            0.94992,
            0.54774,
            0.53417,
            0.74193,
            0.51339,
            0.95797,
            0.18772,
            0.78805,
            0.33323,
            0.94584
          ],
          "triangles": [
            13,
            2,
            3,
            12,
            2,
            13,
            4,
            2,
            12,
            10,
            12,
            13,
            15,
            13,
            3,
            0,
            15,
            3,
            10,
            13,
            15,
            11,
            4,
            12,
            11,
            12,
            10,
            14,
            9,
            10,
            11,
            10,
            9,
            15,
            14,
            10,
            16,
            9,
            14,
            5,
            4,
            11,
            18,
            5,
            11,
            8,
            18,
            11,
            9,
            16,
            8,
            9,
            8,
            11,
            19,
            7,
            18,
            6,
            8,
            16,
            19,
            8,
            6,
            19,
            18,
            8,
            17,
            6,
            16,
            4,
            1,
            2,
            1,
            4,
            5,
            7,
            1,
            5,
            7,
            5,
            18,
            14,
            15,
            0,
            17,
            16,
            14,
            0,
            17,
            14,
            19,
            6,
            17,
            1,
            19,
            17,
            1,
            7,
            19,
            0,
            1,
            17
          ],
          "vertices": [
            13.18,
            -191.11,
            -95.53,
            53.85,
            137.55,
            157.29,
            246.26,
            -87.68,
            61.75,
            111.95,
            -19.62,
            41.98,
            -36.56,
            -25.14,
            -41.06,
            21.63,
            -26.1,
            16.32,
            45.26,
            -35.55,
            105.55,
            -8.12,
            27.57,
            31.77,
            125.29,
            5.38,
            197.66,
            -53.92,
            61.33,
            -77.86,
            113.15,
            -132.06,
            22.69,
            -50.31,
            -29.93,
            -67.56,
            -25.72,
            29.79,
            -46.68,
            -22.18
          ],
          "hull": 4
        }
      },
      "r1": {
        "r1": {
          "type": "mesh",
          "uvs": [
            1,
            1,
            0.41887,
            1,
            0,
            1,
            0,
            0,
            1,
            0,
            0.57909,
            0.37048,
            0.83279,
            0.05753,
            0.63918,
            0.60623,
            0.83947,
            0.34127,
            0.55239,
            0.95256,
            0.86617,
            0.79191,
            0.80608,
            0.6709,
            0.74984,
            0.45983,
            0.47895,
            0.78357
          ],
          "triangles": [
            6,
            3,
            4,
            8,
            6,
            4,
            5,
            3,
            6,
            5,
            6,
            8,
            12,
            5,
            8,
            7,
            5,
            12,
            11,
            12,
            8,
            7,
            12,
            11,
            13,
            3,
            5,
            13,
            5,
            7,
            0,
            10,
            8,
            4,
            0,
            8,
            11,
            8,
            10,
            11,
            9,
            13,
            11,
            13,
            7,
            9,
            11,
            10,
            2,
            3,
            13,
            1,
            2,
            13,
            9,
            1,
            13,
            9,
            10,
            0,
            1,
            9,
            0
          ],
          "vertices": [
            -80.32,
            -24.2,
            -80.32,
            36.82,
            -80.32,
            80.8,
            255.68,
            80.8,
            255.68,
            -24.2,
            131.2,
            20,
            236.35,
            -6.64,
            51.98,
            13.69,
            141.01,
            -7.34,
            -64.38,
            22.8,
            -10.41,
            -10.15,
            30.25,
            -3.84,
            101.17,
            2.07,
            -7.6,
            30.51
          ],
          "hull": 5
        }
      },
      "rda": {
        "rda": {
          "type": "mesh",
          "uvs": [
            1,
            1,
            0,
            1,
            0,
            0,
            1,
            0,
            0.19521,
            0.67724,
            0.2231,
            0.51761,
            0.5415,
            0.54281,
            0.55312,
            0.24035,
            0.75996,
            0.70245,
            0.77856,
            0.58902,
            0.92033,
            0.81167,
            0.94589,
            0.69824,
            0.94262,
            0.89797,
            0.92074,
            0.83865,
            0.898,
            0.803,
            0.85533,
            0.77829,
            0.78933,
            0.76624,
            0.69867,
            0.756,
            0.63467,
            0.77106,
            0.592,
            0.79034,
            0.56267,
            0.7554,
            0.532,
            0.71382,
            0.51667,
            0.67346,
            0.48533,
            0.64574,
            0.46467,
            0.63007,
            0.44333,
            0.61923,
            0.414,
            0.62043,
            0.388,
            0.64092,
            0.36467,
            0.66683,
            0.35127,
            0.67755,
            0.31908,
            0.69542,
            0.29818,
            0.71737,
            0.28801,
            0.74646,
            0.2818,
            0.76892,
            0.26316,
            0.7873,
            0.25186,
            0.80415,
            0.25243,
            0.81538,
            0.21909,
            0.83734,
            0.20498,
            0.86285,
            0.20668,
            0.88174,
            0.22701,
            0.89909,
            0.31029,
            0.91655,
            0.35569,
            0.93745,
            0.36853,
            0.95835,
            0.4576,
            0.96918,
            0.48331,
            0.98234,
            0.52784,
            0.98002,
            0.57666,
            0.98621,
            0.63233,
            0.97615,
            0.62719,
            0.95293,
            0.67944,
            0.95912,
            0.73939,
            0.9568,
            0.80382,
            0.97069,
            0.86963,
            0.96811,
            0.92749,
            0.93556,
            0.35341,
            0.63034,
            0.36374,
            0.28481
          ],
          "triangles": [
            7,
            2,
            3,
            56,
            2,
            7,
            5,
            2,
            56,
            6,
            56,
            7,
            5,
            56,
            55,
            9,
            7,
            3,
            6,
            7,
            9,
            56,
            6,
            26,
            6,
            25,
            26,
            24,
            25,
            6,
            26,
            55,
            56,
            27,
            55,
            26,
            23,
            24,
            6,
            28,
            55,
            27,
            22,
            23,
            6,
            8,
            22,
            6,
            4,
            2,
            5,
            4,
            5,
            55,
            55,
            30,
            4,
            29,
            55,
            28,
            29,
            30,
            55,
            11,
            9,
            3,
            0,
            11,
            3,
            9,
            8,
            6,
            8,
            9,
            11,
            17,
            21,
            22,
            31,
            4,
            30,
            32,
            4,
            31,
            21,
            18,
            20,
            22,
            8,
            17,
            15,
            16,
            8,
            17,
            8,
            16,
            32,
            34,
            4,
            17,
            18,
            21,
            11,
            15,
            8,
            33,
            34,
            32,
            19,
            20,
            18,
            14,
            15,
            11,
            35,
            4,
            34,
            10,
            14,
            11,
            36,
            35,
            34,
            37,
            4,
            35,
            37,
            35,
            36,
            12,
            13,
            10,
            14,
            10,
            13,
            38,
            4,
            37,
            40,
            39,
            38,
            11,
            12,
            10,
            40,
            37,
            36,
            40,
            38,
            37,
            30,
            32,
            31,
            32,
            29,
            33,
            42,
            41,
            33,
            36,
            34,
            33,
            41,
            36,
            33,
            40,
            36,
            41,
            27,
            26,
            25,
            24,
            27,
            25,
            27,
            24,
            23,
            54,
            13,
            12,
            33,
            29,
            21,
            29,
            32,
            30,
            33,
            21,
            42,
            28,
            27,
            23,
            21,
            28,
            23,
            28,
            21,
            29,
            23,
            22,
            21,
            49,
            19,
            18,
            51,
            17,
            16,
            50,
            18,
            17,
            50,
            49,
            18,
            52,
            51,
            16,
            43,
            42,
            44,
            20,
            42,
            21,
            20,
            44,
            42,
            20,
            19,
            44,
            17,
            51,
            50,
            15,
            13,
            52,
            13,
            15,
            14,
            53,
            13,
            54,
            15,
            52,
            16,
            19,
            46,
            44,
            13,
            53,
            52,
            48,
            49,
            50,
            49,
            46,
            19,
            47,
            46,
            49,
            45,
            44,
            46,
            48,
            47,
            49,
            1,
            2,
            4,
            1,
            4,
            38,
            1,
            38,
            39,
            12,
            11,
            0,
            54,
            12,
            0,
            53,
            54,
            0,
            52,
            53,
            0,
            48,
            50,
            51,
            52,
            48,
            51,
            47,
            48,
            52,
            47,
            52,
            0,
            45,
            46,
            47,
            43,
            44,
            45,
            41,
            42,
            43,
            40,
            41,
            43,
            1,
            39,
            40,
            1,
            40,
            43,
            1,
            43,
            45,
            1,
            45,
            47,
            1,
            47,
            0
          ],
          "vertices": [
            -16.45,
            -97.61,
            -18.14,
            118.39,
            220.85,
            120.26,
            222.54,
            -95.74,
            59.33,
            76.83,
            97.52,
            71.1,
            92.04,
            2.28,
            164.34,
            0.34,
            54.25,
            -45.2,
            81.39,
            -49.01,
            28.42,
            -80.04,
            55.57,
            -85.35,
            7.83,
            -85.02,
            21.97,
            -80.18,
            30.46,
            -75.21,
            36.29,
            -65.94,
            39.06,
            -51.67,
            41.35,
            -32.06,
            37.64,
            -18.27,
            32.96,
            -9.09,
            41.27,
            -2.69,
            51.15,
            4.01,
            60.77,
            7.4,
            67.34,
            14.22,
            71.05,
            18.71,
            73.61,
            23.34,
            73.27,
            29.68,
            68.33,
            35.25,
            62.1,
            40.24,
            59.51,
            43.12,
            55.19,
            50.04,
            49.91,
            54.51,
            42.94,
            56.65,
            37.56,
            57.95,
            33.14,
            61.94,
            29.09,
            64.35,
            26.41,
            64.21,
            21.1,
            71.37,
            14.98,
            74.37,
            10.47,
            73.97,
            6.36,
            69.54,
            2.33,
            51.52,
            -2.59,
            41.68,
            -7.57,
            38.87,
            -10,
            19.61,
            -13.11,
            14.03,
            -12.48,
            4.42,
            -13.87,
            -6.14,
            -11.37,
            -18.15,
            -5.83,
            -16.99,
            -7.23,
            -28.29,
            -6.57,
            -41.23,
            -9.78,
            -55.18,
            -9.05,
            -69.39,
            -1.18,
            -81.82,
            70.8,
            42.75,
            153.4,
            41.16
          ],
          "hull": 4
        }
      }
    }
  },
  "animations": {
    "animation": {
      "bones": {
        "root": {
          "rotate": [
            {
              "time": 0,
              "angle": 0,
              "curve": "stepped"
            },
            {
              "time": 3,
              "angle": 0
            }
          ],
          "translate": [
            {
              "time": 0,
              "x": 0,
              "y": 0,
              "curve": "stepped"
            },
            {
              "time": 3,
              "x": 0,
              "y": 0
            }
          ],
          "scale": [
            {
              "time": 0,
              "x": 1,
              "y": 1,
              "curve": "stepped"
            },
            {
              "time": 3,
              "x": 1,
              "y": 1
            }
          ]
        },
        "rda": {
          "rotate": [
            {
              "time": 0,
              "angle": 0,
              "curve": "stepped"
            },
            {
              "time": 3,
              "angle": 0
            }
          ],
          "translate": [
            {
              "time": 0,
              "x": 0,
              "y": 0,
              "curve": "stepped"
            },
            {
              "time": 3,
              "x": 0,
              "y": 0
            }
          ],
          "scale": [
            {
              "time": 0,
              "x": 1,
              "y": 1,
              "curve": "stepped"
            },
            {
              "time": 3,
              "x": 1,
              "y": 1
            }
          ]
        },
        "r": {
          "rotate": [
            {
              "time": 0,
              "angle": 0
            },
            {
              "time": 1.3333,
              "angle": 7.29
            },
            {
              "time": 3,
              "angle": 0
            }
          ],
          "translate": [
            {
              "time": 0,
              "x": 0,
              "y": 0,
              "curve": "stepped"
            },
            {
              "time": 3,
              "x": 0,
              "y": 0
            }
          ],
          "scale": [
            {
              "time": 0,
              "x": 1,
              "y": 1,
              "curve": "stepped"
            },
            {
              "time": 3,
              "x": 1,
              "y": 1
            }
          ]
        },
        "r1": {
          "rotate": [
            {
              "time": 0,
              "angle": 0
            },
            {
              "time": 1.3333,
              "angle": -8.4
            },
            {
              "time": 3,
              "angle": 0
            }
          ],
          "translate": [
            {
              "time": 0,
              "x": 0,
              "y": 0
            },
            {
              "time": 1.3333,
              "x": -12.46,
              "y": 0.77
            },
            {
              "time": 3,
              "x": 0,
              "y": 0
            }
          ],
          "scale": [
            {
              "time": 0,
              "x": 1,
              "y": 1
            },
            {
              "time": 1.3333,
              "x": 1.053,
              "y": 1
            },
            {
              "time": 3,
              "x": 1,
              "y": 1
            }
          ]
        }
      },
      "deform": {
        "default": {
          "r": {
            "r": [
              {
                "time": 0
              },
              {
                "time": 1.3333,
                "offset": 8,
                "vertices": [
                  -2.70903,
                  0.52009,
                  10.0794,
                  -12.05285,
                  0,
                  0,
                  0,
                  0,
                  0,
                  0,
                  1.12119,
                  -2.23599,
                  -1.12119,
                  2.23593,
                  0.58208,
                  1.99221,
                  -2.88815,
                  -5.19983,
                  2.30612,
                  3.20756,
                  -7.91194,
                  -4.7121,
                  -4.15893,
                  -0.85708,
                  5.59594,
                  -16.89843,
                  3.20261,
                  -5.98039
                ]
              },
              {
                "time": 3
              }
            ]
          },
          "r1": {
            "r1": [
              {
                "time": 0
              },
              {
                "time": 1.3333,
                "offset": 2,
                "vertices": [
                  3.71532,
                  6.70114,
                  0,
                  0,
                  0,
                  0,
                  0,
                  0,
                  -0.50191,
                  17.48651,
                  -4.65446,
                  4.55674,
                  0.95724,
                  3.13025,
                  0,
                  0,
                  0,
                  0,
                  0,
                  0,
                  0.17425,
                  -2.36563,
                  -1.13162,
                  -0.76441,
                  3.32301,
                  22.84455
                ]
              },
              {
                "time": 3
              }
            ]
          },
          "rda": {
            "rda": [
              {
                "time": 0
              },
              {
                "time": 1.3333,
                "offset": 8,
                "vertices": [
                  -2.70736,
                  3.89763,
                  -2.36208,
                  12.13123,
                  0.30068,
                  3.78148,
                  -0.30076,
                  -3.78146,
                  8.65173,
                  0.00001,
                  8.65173,
                  0.00001,
                  7.22782,
                  -9.53856,
                  7.70016,
                  -2.70507,
                  0,
                  0,
                  0,
                  0,
                  0,
                  0,
                  0,
                  0,
                  0,
                  0,
                  0,
                  0,
                  0,
                  0,
                  0,
                  0,
                  0,
                  0,
                  0,
                  0,
                  0,
                  0,
                  0,
                  0,
                  0,
                  0,
                  0,
                  0,
                  0,
                  0,
                  0,
                  0,
                  0,
                  0,
                  0,
                  0,
                  0,
                  0,
                  0,
                  0,
                  0,
                  0,
                  0,
                  0,
                  0,
                  0,
                  0,
                  0,
                  0,
                  0,
                  0,
                  0,
                  0,
                  0,
                  0,
                  0,
                  0,
                  0,
                  0,
                  0,
                  0,
                  0,
                  0,
                  0,
                  0,
                  0,
                  0,
                  0,
                  0,
                  0,
                  0,
                  0,
                  0,
                  0,
                  0,
                  0,
                  0,
                  0,
                  0,
                  0,
                  0,
                  0,
                  0,
                  0,
                  0,
                  0,
                  0.25286,
                  -5.42528,
                  -0.25294,
                  5.42531
                ]
              },
              {
                "time": 3
              }
            ]
          }
        }
      }
    }
  }
}