{
  "bones": [
    {
      "name": "root"
    },
    {
      "name": "BG",
      "parent": "root"
    },
    {
      "name": "bone2",
      "parent": "root"
    },
    {
      "name": "bone3",
      "parent": "root",
      "x": 80,
      "y": -25
    },
    {
      "name": "bone4",
      "parent": "root",
      "x": -28,
      "y": -30
    },
    {
      "name": "bone5",
      "parent": "root",
      "y": 23
    },
    {
      "name": "bone6",
      "parent": "root",
      "y": -37
    },
    {
      "name": "bone",
      "parent": "root",
      "y": -150
    }
  ],
  "slots": [
    {
      "name": "BG",
      "bone": "BG",
      "attachment": "BG"
    },
    {
      "name": "coral",
      "bone": "bone3",
      "attachment": "coral"
    },
    {
      "name": "gold 3",
      "bone": "bone2",
      "attachment": "gold 3"
    },
    {
      "name": "Treasure",
      "bone": "bone4",
      "attachment": "Treasure"
    },
    {
      "name": "MAIN",
      "bone": "bone5",
      "attachment": "MAIN"
    },
    {
      "name": "named",
      "bone": "bone6",
      "attachment": "named"
    },
    {
      "name": "jackpot pool",
      "bone": "bone",
      "attachment": "jackpot pool"
    }
  ],
  "skins": {
    "default": {
      "BG": {
        "BG": {
          "y": 0.5,
          "width": 261,
          "height": 420
        }
      },
      "MAIN": {
        "MAIN": {
          "y": 0.5,
          "width": 216,
          "height": 355
        }
      },
      "Treasure": {
        "Treasure": {
          "x": 0.5,
          "y": 0.5,
          "width": 247,
          "height": 261
        }
      },
      "coral": {
        "coral": {
          "width": 151,
          "height": 134
        }
      },
      "gold 3": {
        "gold 3": {
          "y": -100,
          "width": 263,
          "height": 167
        }
      },
      "jackpot pool": {
        "jackpot pool": {
          "y": -4,
          "width": 266,
          "height": 120
        }
      },
      "named": {
        "named": {
          "y": 0.5,
          "width": 266,
          "height": 97
        }
      }
    }
  },
  "animations": {
    "animation": {
      "bones": {
        "bone5": {
          "scale": [
            {
              "time": 0,
              "x": 1,
              "y": 1
            },
            {
              "time": 1,
              "x": 1.1,
              "y": 1.1
            },
            {
              "time": 2,
              "x": 1,
              "y": 1
            }
          ]
        },
        "bone4": {
          "translate": [
            {
              "time": 0,
              "x": 0,
              "y": 0
            },
            {
              "time": 1,
              "x": -20,
              "y": 14
            },
            {
              "time": 2,
              "x": 0,
              "y": 0
            }
          ],
          "scale": [
            {
              "time": 0,
              "x": 1,
              "y": 1
            },
            {
              "time": 1,
              "x": 1.05,
              "y": 1.05
            },
            {
              "time": 2,
              "x": 1,
              "y": 1
            }
          ]
        },
        "bone6": {
          "scale": [
            {
              "time": 0,
              "x": 1,
              "y": 1
            },
            {
              "time": 1,
              "x": 1.1,
              "y": 1.1
            },
            {
              "time": 2,
              "x": 1,
              "y": 1
            }
          ]
        },
        "bone3": {
          "rotate": [
            {
              "time": 0,
              "angle": 0
            },
            {
              "time": 1,
              "angle": -10
            },
            {
              "time": 2,
              "angle": 0
            }
          ],
          "translate": [
            {
              "time": 0,
              "x": 0,
              "y": 0
            },
            {
              "time": 1,
              "x": 3.1,
              "y": 6.79
            },
            {
              "time": 2,
              "x": 0,
              "y": 0
            }
          ],
          "scale": [
            {
              "time": 0,
              "x": 1,
              "y": 1
            },
            {
              "time": 1,
              "x": 1.05,
              "y": 1.05
            },
            {
              "time": 2,
              "x": 1,
              "y": 1
            }
          ]
        }
      }
    }
  }
}