{
  "bones": [
    {
      "name": "root"
    },
    {
      "name": "bone",
      "parent": "root",
      "length": 102.37,
      "rotation": 90.34,
      "x": -0.73,
      "y": -45.98
    },
    {
      "name": "i2_body",
      "parent": "bone",
      "length": 22.93,
      "rotation": -62.79,
      "x": 46.96,
      "y": -38.76
    },
    {
      "name": "i2_h",
      "parent": "i2_body",
      "length": 55.3,
      "rotation": 98.43,
      "x": -27.85,
      "y": 15.23
    },
    {
      "name": "i2_e",
      "parent": "i2_h",
      "x": 45.17,
      "y": -19.16
    },
    {
      "name": "i2_h1",
      "parent": "i2_body",
      "length": 41.33,
      "rotation": -82.21,
      "x": -23.88,
      "y": -8.97
    },
    {
      "name": "i2_h2",
      "parent": "i2_body",
      "length": 48.63,
      "rotation": 141.44,
      "x": -49.61,
      "y": -11.01
    },
    {
      "name": "i2_h3",
      "parent": "i2_h2",
      "length": 40.97,
      "rotation": 148.19,
      "x": 48.63
    }
  ],
  "slots": [
    {
      "name": "i2_bg",
      "bone": "bone",
      "attachment": "i2_bg"
    },
    {
      "name": "i2_body",
      "bone": "i2_body",
      "attachment": "i2_body"
    },
    {
      "name": "i2_h2",
      "bone": "i2_h2",
      "attachment": "i2_h2"
    },
    {
      "name": "i2_h",
      "bone": "i2_h",
      "attachment": "i2_h"
    },
    {
      "name": "i2_h1",
      "bone": "i2_h1",
      "attachment": "i2_h1"
    },
    {
      "name": "i2_e",
      "bone": "i2_e"
    }
  ],
  "skins": {
    "default": {
      "i2_bg": {
        "i2_bg": {
          "x": 46.58,
          "y": -2.12,
          "rotation": -90.34,
          "width": 141,
          "height": 136
        }
      },
      "i2_body": {
        "i2_body": {
          "x": 0.68,
          "y": -6.34,
          "rotation": -27.55,
          "width": 48,
          "height": 70
        }
      },
      "i2_e": {
        "i2_e": {
          "x": -0.86,
          "y": -0.14,
          "rotation": -125.98,
          "width": 32,
          "height": 25
        }
      },
      "i2_h": {
        "i2_h": {
          "x": 27.76,
          "y": 4.85,
          "rotation": -125.98,
          "width": 82,
          "height": 91
        }
      },
      "i2_h1": {
        "i2_h1": {
          "x": 21.45,
          "y": 0.57,
          "rotation": 54.66,
          "width": 65,
          "height": 64
        }
      },
      "i2_h2": {
        "i2_h2": {
          "type": "mesh",
          "uvs": [
            0.72822,
            0.10913,
            1,
            0.54628,
            1,
            0.85228,
            0.7152,
            0.87101,
            0.50943,
            0.71643,
            0.58824,
            0.84603,
            0.5915,
            1,
            0.32131,
            1,
            0.09344,
            0.80232,
            0,
            0.50881,
            0,
            0.11538,
            0.09018,
            0,
            0.38641,
            0,
            0.36037,
            0.47134
          ],
          "triangles": [
            7,
            5,
            6,
            7,
            4,
            5,
            7,
            8,
            4,
            8,
            13,
            4,
            8,
            9,
            13,
            9,
            10,
            13,
            13,
            10,
            12,
            12,
            10,
            11,
            2,
            3,
            1,
            1,
            3,
            4,
            4,
            13,
            1,
            13,
            0,
            1,
            13,
            12,
            0
          ],
          "vertices": [
            2,
            6,
            -9.67,
            -18.69,
            0.79262,
            7,
            39.69,
            46.61,
            0.20738,
            2,
            6,
            -38.83,
            -2.54,
            0.96063,
            7,
            72.99,
            48.26,
            0.03937,
            2,
            6,
            -41.69,
            12.18,
            0.93858,
            7,
            83.18,
            37.26,
            0.06142,
            2,
            6,
            -15.59,
            18.19,
            0.68989,
            7,
            64.16,
            18.39,
            0.31011,
            2,
            6,
            4.84,
            14.45,
            0.53919,
            7,
            44.82,
            10.8,
            0.46081,
            2,
            6,
            -3.64,
            19.27,
            0.57249,
            7,
            54.58,
            11.18,
            0.42751,
            2,
            6,
            -5.38,
            26.61,
            0.54912,
            7,
            59.93,
            5.85,
            0.45088,
            2,
            6,
            19.55,
            31.46,
            0.29858,
            7,
            41.3,
            -11.41,
            0.70142,
            2,
            6,
            42.42,
            26.04,
            0.14357,
            7,
            19,
            -18.86,
            0.85643,
            2,
            6,
            53.79,
            13.6,
            0.14954,
            7,
            2.78,
            -14.28,
            0.85046,
            2,
            6,
            57.47,
            -5.32,
            0.26882,
            7,
            -10.32,
            -0.14,
            0.73118,
            2,
            6,
            50.23,
            -12.49,
            0.36658,
            7,
            -7.94,
            9.77,
            0.63342,
            2,
            6,
            22.89,
            -17.81,
            0.57282,
            7,
            12.48,
            28.7,
            0.42718,
            2,
            6,
            20.89,
            5.33,
            0.47622,
            7,
            26.38,
            10.09,
            0.52378
          ],
          "hull": 13
        }
      }
    }
  },
  "animations": {
    "animation": {
      "bones": {
        "root": {
          "rotate": [
            {
              "time": 0,
              "angle": 0,
              "curve": "stepped"
            },
            {
              "time": 1.3333,
              "angle": 0
            }
          ],
          "translate": [
            {
              "time": 0,
              "x": 0,
              "y": 0,
              "curve": "stepped"
            },
            {
              "time": 1.3333,
              "x": 0,
              "y": 0
            }
          ],
          "scale": [
            {
              "time": 0,
              "x": 1,
              "y": 1,
              "curve": "stepped"
            },
            {
              "time": 1.3333,
              "x": 1,
              "y": 1
            }
          ]
        },
        "bone": {
          "rotate": [
            {
              "time": 0,
              "angle": 0,
              "curve": "stepped"
            },
            {
              "time": 1.3333,
              "angle": 0
            }
          ],
          "translate": [
            {
              "time": 0,
              "x": 0,
              "y": 0,
              "curve": "stepped"
            },
            {
              "time": 1.3333,
              "x": 0,
              "y": 0
            }
          ],
          "scale": [
            {
              "time": 0,
              "x": 1,
              "y": 1,
              "curve": "stepped"
            },
            {
              "time": 1.3333,
              "x": 1,
              "y": 1
            }
          ]
        },
        "i2_h": {
          "rotate": [
            {
              "time": 0,
              "angle": 0,
              "curve": "stepped"
            },
            {
              "time": 1.3333,
              "angle": 0
            }
          ],
          "translate": [
            {
              "time": 0,
              "x": 0,
              "y": 0
            },
            {
              "time": 0.5,
              "x": 0.03,
              "y": 4.5
            },
            {
              "time": 0.8333,
              "x": 3.88,
              "y": 4.48
            },
            {
              "time": 1.3333,
              "x": 0,
              "y": 0
            }
          ],
          "scale": [
            {
              "time": 0,
              "x": 1,
              "y": 1,
              "curve": "stepped"
            },
            {
              "time": 1.3333,
              "x": 1,
              "y": 1
            }
          ]
        },
        "i2_h1": {
          "rotate": [
            {
              "time": 0,
              "angle": 0
            },
            {
              "time": 0.3333,
              "angle": 18.77
            },
            {
              "time": 0.8333,
              "angle": -11.35
            },
            {
              "time": 1.3333,
              "angle": 0
            }
          ],
          "translate": [
            {
              "time": 0,
              "x": 0,
              "y": 0,
              "curve": "stepped"
            },
            {
              "time": 1.3333,
              "x": 0,
              "y": 0
            }
          ],
          "scale": [
            {
              "time": 0,
              "x": 1,
              "y": 1,
              "curve": "stepped"
            },
            {
              "time": 1.3333,
              "x": 1,
              "y": 1
            }
          ]
        },
        "i2_e": {
          "rotate": [
            {
              "time": 0,
              "angle": 0,
              "curve": "stepped"
            },
            {
              "time": 1.3333,
              "angle": 0
            }
          ],
          "translate": [
            {
              "time": 0,
              "x": 0,
              "y": 0,
              "curve": "stepped"
            },
            {
              "time": 1.3333,
              "x": 0,
              "y": 0
            }
          ],
          "scale": [
            {
              "time": 0,
              "x": 1,
              "y": 1,
              "curve": "stepped"
            },
            {
              "time": 1.3333,
              "x": 1,
              "y": 1
            }
          ]
        },
        "i2_h2": {
          "rotate": [
            {
              "time": 0,
              "angle": 0
            },
            {
              "time": 0.3333,
              "angle": 1.96
            },
            {
              "time": 1.3333,
              "angle": 0
            }
          ],
          "translate": [
            {
              "time": 0,
              "x": 0,
              "y": 0
            },
            {
              "time": 0.3333,
              "x": 2.16,
              "y": 4.14
            },
            {
              "time": 1.3333,
              "x": 0,
              "y": 0
            }
          ],
          "scale": [
            {
              "time": 0,
              "x": 1,
              "y": 1,
              "curve": "stepped"
            },
            {
              "time": 1.3333,
              "x": 1,
              "y": 1
            }
          ]
        },
        "i2_h3": {
          "rotate": [
            {
              "time": 0,
              "angle": 0
            },
            {
              "time": 0.3333,
              "angle": 17.51
            },
            {
              "time": 1.3333,
              "angle": 0
            }
          ],
          "translate": [
            {
              "time": 0,
              "x": 0,
              "y": 0,
              "curve": "stepped"
            },
            {
              "time": 1.3333,
              "x": 0,
              "y": 0
            }
          ],
          "scale": [
            {
              "time": 0,
              "x": 1,
              "y": 1,
              "curve": "stepped"
            },
            {
              "time": 1.3333,
              "x": 1,
              "y": 1
            }
          ]
        },
        "i2_body": {
          "rotate": [
            {
              "time": 0,
              "angle": 0,
              "curve": "stepped"
            },
            {
              "time": 1.3333,
              "angle": 0
            }
          ],
          "translate": [
            {
              "time": 0,
              "x": 0,
              "y": 0
            },
            {
              "time": 0.3333,
              "x": 5.47,
              "y": 3.26
            },
            {
              "time": 1.3333,
              "x": 0,
              "y": 0
            }
          ],
          "scale": [
            {
              "time": 0,
              "x": 1,
              "y": 1
            },
            {
              "time": 0.3333,
              "x": 1,
              "y": 1.016
            },
            {
              "time": 1.3333,
              "x": 1,
              "y": 1
            }
          ]
        }
      }
    },
    "win": {
      "slots": {
        "i2_e": {
          "attachment": [
            {
              "time": 0.5,
              "name": "i2_e"
            },
            {
              "time": 0.8333,
              "name": null
            }
          ]
        }
      },
      "bones": {
        "root": {
          "rotate": [
            {
              "time": 0,
              "angle": 0,
              "curve": "stepped"
            },
            {
              "time": 1.3333,
              "angle": 0
            }
          ],
          "translate": [
            {
              "time": 0,
              "x": 0,
              "y": 0,
              "curve": "stepped"
            },
            {
              "time": 1.3333,
              "x": 0,
              "y": 0
            }
          ],
          "scale": [
            {
              "time": 0,
              "x": 1,
              "y": 1,
              "curve": "stepped"
            },
            {
              "time": 1.3333,
              "x": 1,
              "y": 1
            }
          ]
        },
        "i2_h": {
          "rotate": [
            {
              "time": 0,
              "angle": 0,
              "curve": "stepped"
            },
            {
              "time": 1.3333,
              "angle": 0
            }
          ],
          "translate": [
            {
              "time": 0,
              "x": 0,
              "y": 0
            },
            {
              "time": 0.5,
              "x": 0.03,
              "y": 4.5
            },
            {
              "time": 0.8333,
              "x": 3.88,
              "y": 4.48
            },
            {
              "time": 1.3333,
              "x": 0,
              "y": 0
            }
          ],
          "scale": [
            {
              "time": 0,
              "x": 1,
              "y": 1,
              "curve": "stepped"
            },
            {
              "time": 1.3333,
              "x": 1,
              "y": 1
            }
          ]
        },
        "i2_e": {
          "rotate": [
            {
              "time": 0,
              "angle": 0,
              "curve": "stepped"
            },
            {
              "time": 1.3333,
              "angle": 0
            }
          ],
          "translate": [
            {
              "time": 0,
              "x": 0,
              "y": 0,
              "curve": "stepped"
            },
            {
              "time": 1.3333,
              "x": 0,
              "y": 0
            }
          ],
          "scale": [
            {
              "time": 0,
              "x": 1,
              "y": 1,
              "curve": "stepped"
            },
            {
              "time": 1.3333,
              "x": 1,
              "y": 1
            }
          ]
        },
        "i2_h2": {
          "rotate": [
            {
              "time": 0,
              "angle": 0
            },
            {
              "time": 0.3333,
              "angle": 1.96
            },
            {
              "time": 1.3333,
              "angle": 0
            }
          ],
          "translate": [
            {
              "time": 0,
              "x": 0,
              "y": 0
            },
            {
              "time": 0.3333,
              "x": 2.16,
              "y": 4.14
            },
            {
              "time": 1.3333,
              "x": 0,
              "y": 0
            }
          ],
          "scale": [
            {
              "time": 0,
              "x": 1,
              "y": 1,
              "curve": "stepped"
            },
            {
              "time": 1.3333,
              "x": 1,
              "y": 1
            }
          ]
        },
        "i2_body": {
          "rotate": [
            {
              "time": 0,
              "angle": 0,
              "curve": "stepped"
            },
            {
              "time": 1.3333,
              "angle": 0
            }
          ],
          "translate": [
            {
              "time": 0,
              "x": 0,
              "y": 0
            },
            {
              "time": 0.3333,
              "x": 5.47,
              "y": 3.26
            },
            {
              "time": 1.3333,
              "x": 0,
              "y": 0
            }
          ],
          "scale": [
            {
              "time": 0,
              "x": 1,
              "y": 1
            },
            {
              "time": 0.3333,
              "x": 1,
              "y": 1.018
            },
            {
              "time": 1.3333,
              "x": 1,
              "y": 1
            }
          ]
        },
        "i2_h3": {
          "rotate": [
            {
              "time": 0,
              "angle": 0
            },
            {
              "time": 0.3333,
              "angle": 17.51
            },
            {
              "time": 1.3333,
              "angle": 0
            }
          ],
          "translate": [
            {
              "time": 0,
              "x": 0,
              "y": 0,
              "curve": "stepped"
            },
            {
              "time": 1.3333,
              "x": 0,
              "y": 0
            }
          ],
          "scale": [
            {
              "time": 0,
              "x": 1,
              "y": 1,
              "curve": "stepped"
            },
            {
              "time": 1.3333,
              "x": 1,
              "y": 1
            }
          ]
        },
        "i2_h1": {
          "rotate": [
            {
              "time": 0,
              "angle": 0
            },
            {
              "time": 0.3333,
              "angle": 18.77
            },
            {
              "time": 0.8333,
              "angle": -11.35
            },
            {
              "time": 1.3333,
              "angle": 0
            }
          ],
          "translate": [
            {
              "time": 0,
              "x": 0,
              "y": 0,
              "curve": "stepped"
            },
            {
              "time": 1.3333,
              "x": 0,
              "y": 0
            }
          ],
          "scale": [
            {
              "time": 0,
              "x": 1,
              "y": 1,
              "curve": "stepped"
            },
            {
              "time": 1.3333,
              "x": 1,
              "y": 1
            }
          ]
        },
        "bone": {
          "rotate": [
            {
              "time": 0,
              "angle": 0,
              "curve": "stepped"
            },
            {
              "time": 0.6667,
              "angle": 0,
              "curve": "stepped"
            },
            {
              "time": 1.3333,
              "angle": 0
            }
          ],
          "translate": [
            {
              "time": 0,
              "x": 0,
              "y": 0
            },
            {
              "time": 0.3333,
              "x": 0,
              "y": 14.66
            },
            {
              "time": 0.6667,
              "x": 0,
              "y": 0
            },
            {
              "time": 1,
              "x": 0,
              "y": 14.66
            },
            {
              "time": 1.3333,
              "x": 0,
              "y": 0
            }
          ],
          "scale": [
            {
              "time": 0,
              "x": 1,
              "y": 1,
              "curve": "stepped"
            },
            {
              "time": 0.6667,
              "x": 1,
              "y": 1,
              "curve": "stepped"
            },
            {
              "time": 1.3333,
              "x": 1,
              "y": 1
            }
          ]
        }
      }
    }
  }
}