{
  "bones": [
    {
      "name": "root"
    },
    {
      "name": "P_1",
      "parent": "root",
      "x": -0.56,
      "y": 136.61
    },
    {
      "name": "P_2",
      "parent": "P_1",
      "length": 78.15,
      "rotation": 98.27,
      "x": 0.13,
      "y": 40.79
    },
    {
      "name": "P_3",
      "parent": "P_2",
      "length": 49.65,
      "rotation": -5.21,
      "x": 78.15
    },
    {
      "name": "P_4",
      "parent": "P_3",
      "length": 44.8,
      "rotation": -24.7,
      "x": 49.65
    },
    {
      "name": "P_5",
      "parent": "P_4",
      "length": 44.41,
      "rotation": -53.7,
      "x": 44.8
    },
    {
      "name": "P_6",
      "parent": "P_5",
      "length": 42.16,
      "rotation": 26.53,
      "x": 46.5,
      "y": 0.14
    },
    {
      "name": "P_7",
      "parent": "P_2",
      "length": 90.24,
      "rotation": -144.75,
      "x": 51.1,
      "y": -52.84
    },
    {
      "name": "P_8",
      "parent": "P_2",
      "length": 64.74,
      "rotation": 113.8,
      "x": 72.45,
      "y": 38.9
    },
    {
      "name": "P_9",
      "parent": "P_8",
      "length": 227.16,
      "rotation": 119.43,
      "x": 64.74
    },
    {
      "name": "P_10",
      "parent": "P_1",
      "length": 145.19,
      "rotation": -101.82,
      "x": -46.8,
      "y": -40.51
    },
    {
      "name": "P_11",
      "parent": "P_1",
      "length": 113.71,
      "rotation": -108.65,
      "x": 94.65,
      "y": -55.72
    },
    {
      "name": "light2",
      "parent": "root",
      "length": 153.18,
      "rotation": 126.28,
      "x": -14.77,
      "y": 256.17
    }
  ],
  "slots": [
    {
      "name": "light2",
      "bone": "light2",
      "attachment": "light2"
    },
    {
      "name": "P_1",
      "bone": "P_1",
      "attachment": "P_1"
    }
  ],
  "skins": {
    "default": {
      "P_1": {
        "P_1": {
          "type": "mesh",
          "uvs": [
            1,
            0.70101,
            1,
            0.72059,
            1,
            1,
            0,
            1,
            0,
            0,
            1,
            0,
            0.43235,
            0.20433,
            0.42318,
            0.23242,
            0.43159,
            0.26388,
            0.4377,
            0.28185,
            0.46674,
            0.3032,
            0.49578,
            0.30208,
            0.52329,
            0.27624,
            0.52635,
            0.24815,
            0.52711,
            0.23186,
            0.51489,
            0.19815,
            0.47973,
            0.21669,
            0.11517,
            0.39547,
            0.17351,
            0.38056,
            0.23946,
            0.39454,
            0.31049,
            0.41598,
            0.35868,
            0.43183,
            0.40815,
            0.43649,
            0.43985,
            0.46912,
            0.54639,
            0.50362,
            0.56795,
            0.50362,
            0.59205,
            0.50641,
            0.62756,
            0.4887,
            0.68337,
            0.50641,
            0.70746,
            0.50362,
            0.71381,
            0.52226,
            0.80385,
            0.55676,
            0.83714,
            0.55488,
            0.91514,
            0.60172,
            0.94177,
            0.64437,
            0.89326,
            0.7045,
            0.87424,
            0.71849,
            0.72014,
            0.71359,
            0.58792,
            0.64437,
            0.53655,
            0.63738,
            0.48899,
            0.58144,
            0.50612,
            0.55278,
            0.4576,
            0.52131,
            0.42336,
            0.51642,
            0.42336,
            0.5325,
            0.40529,
            0.5339,
            0.33585,
            0.48635,
            0.32063,
            0.48146,
            0.30826,
            0.49474,
            0.24358,
            0.47377,
            0.22646,
            0.45769,
            0.15511,
            0.4444,
            0.14846,
            0.42622,
            0.11326,
            0.42482,
            0.59838,
            0.39755,
            0.60885,
            0.31575,
            0.64214,
            0.32554,
            0.73536,
            0.36259,
            0.79909,
            0.4444,
            0.85141,
            0.47447,
            0.87899,
            0.50523,
            0.9646,
            0.55418,
            0.97887,
            0.59053,
            0.96365,
            0.59683,
            0.83619,
            0.53949,
            0.78482,
            0.51362,
            0.72585,
            0.49404,
            0.65926,
            0.45699,
            0.6098,
            0.43182
          ],
          "triangles": [
            37,
            2,
            3,
            39,
            38,
            37,
            37,
            36,
            2,
            2,
            36,
            1,
            36,
            35,
            1,
            35,
            0,
            1,
            37,
            31,
            36,
            31,
            32,
            36,
            36,
            32,
            35,
            37,
            38,
            30,
            30,
            38,
            28,
            28,
            29,
            30,
            37,
            30,
            31,
            35,
            34,
            0,
            35,
            33,
            34,
            35,
            32,
            33,
            0,
            34,
            62,
            34,
            63,
            62,
            34,
            33,
            63,
            63,
            33,
            64,
            60,
            61,
            64,
            63,
            61,
            62,
            63,
            64,
            61,
            31,
            30,
            65,
            30,
            66,
            65,
            31,
            64,
            32,
            31,
            65,
            64,
            64,
            33,
            32,
            64,
            59,
            60,
            64,
            65,
            59,
            30,
            29,
            66,
            65,
            58,
            59,
            65,
            66,
            58,
            61,
            60,
            59,
            59,
            58,
            57,
            3,
            51,
            49,
            51,
            50,
            49,
            45,
            39,
            3,
            3,
            49,
            48,
            45,
            3,
            48,
            37,
            3,
            39,
            51,
            53,
            52,
            51,
            3,
            53,
            3,
            4,
            53,
            51,
            52,
            18,
            53,
            17,
            52,
            52,
            17,
            18,
            5,
            0,
            62,
            62,
            61,
            5,
            5,
            61,
            59,
            5,
            59,
            57,
            57,
            56,
            5,
            5,
            56,
            15,
            53,
            4,
            17,
            17,
            4,
            18,
            7,
            18,
            6,
            16,
            7,
            6,
            6,
            18,
            4,
            16,
            15,
            14,
            16,
            6,
            15,
            6,
            4,
            15,
            15,
            4,
            5,
            46,
            45,
            48,
            48,
            47,
            46,
            45,
            40,
            39,
            45,
            44,
            40,
            44,
            42,
            40,
            38,
            26,
            28,
            26,
            27,
            28,
            26,
            38,
            25,
            25,
            38,
            39,
            25,
            41,
            24,
            40,
            41,
            39,
            25,
            39,
            41,
            40,
            42,
            41,
            41,
            42,
            24,
            45,
            46,
            43,
            44,
            45,
            43,
            46,
            22,
            43,
            44,
            43,
            42,
            21,
            22,
            46,
            43,
            23,
            42,
            42,
            23,
            24,
            43,
            22,
            23,
            27,
            67,
            28,
            28,
            67,
            29,
            27,
            26,
            68,
            29,
            67,
            66,
            68,
            26,
            25,
            54,
            24,
            23,
            11,
            22,
            10,
            25,
            24,
            68,
            24,
            54,
            68,
            54,
            23,
            11,
            48,
            49,
            47,
            58,
            66,
            57,
            27,
            68,
            67,
            46,
            47,
            21,
            49,
            20,
            47,
            47,
            20,
            21,
            20,
            49,
            19,
            11,
            23,
            22,
            51,
            18,
            50,
            49,
            50,
            19,
            50,
            18,
            19,
            66,
            67,
            57,
            56,
            57,
            67,
            10,
            22,
            9,
            22,
            21,
            9,
            21,
            20,
            9,
            56,
            67,
            54,
            54,
            67,
            68,
            9,
            20,
            8,
            54,
            11,
            55,
            54,
            55,
            56,
            55,
            11,
            12,
            8,
            20,
            19,
            8,
            19,
            7,
            19,
            18,
            7,
            12,
            13,
            55,
            13,
            14,
            55,
            14,
            15,
            56,
            11,
            10,
            16,
            12,
            11,
            16,
            9,
            16,
            10,
            9,
            8,
            16,
            12,
            16,
            13,
            16,
            8,
            7,
            13,
            16,
            14,
            56,
            55,
            14
          ],
          "vertices": [
            4,
            5,
            102.11,
            -320.11,
            0,
            7,
            220.46,
            -19.74,
            0.09209,
            9,
            321.68,
            7.37,
            0.16021,
            11,
            -10.29,
            89.31,
            0.7477,
            4,
            5,
            99.63,
            -329.62,
            0,
            7,
            227.59,
            -26.51,
            0.06294,
            9,
            326.37,
            -1.26,
            0.11868,
            11,
            -0.98,
            92.45,
            0.81838,
            2,
            5,
            64.14,
            -465.32,
            0,
            11,
            131.92,
            137.29,
            1,
            3,
            5,
            -292.86,
            -371.96,
            0,
            9,
            69.04,
            -300.62,
            0.00171,
            10,
            208.8,
            -98.96,
            0.99829,
            3,
            4,
            38.26,
            200.97,
            0.50667,
            5,
            -165.84,
            113.71,
            0.02387,
            8,
            26.13,
            -217.57,
            0.46946,
            2,
            6,
            138.45,
            -46.54,
            0.90786,
            7,
            -34.73,
            222.56,
            0.09214,
            3,
            3,
            57.45,
            12.75,
            0.29038,
            4,
            1.76,
            14.85,
            0.63476,
            8,
            -54.61,
            -45.95,
            0.07486,
            3,
            3,
            43.55,
            16.88,
            0.65873,
            4,
            -12.59,
            12.79,
            0.2147,
            8,
            -44.25,
            -35.79,
            0.12657,
            3,
            3,
            27.62,
            14.63,
            0.84248,
            4,
            -26.12,
            4.08,
            0.0133,
            8,
            -38.5,
            -20.76,
            0.14423,
            4,
            3,
            18.49,
            12.85,
            0.84539,
            4,
            -33.68,
            -1.34,
            0.00084,
            5,
            -45.38,
            -64.04,
            0,
            8,
            -35.62,
            -11.92,
            0.15377,
            3,
            2,
            85.58,
            2.06,
            0.01624,
            3,
            7.21,
            2.72,
            0.95662,
            8,
            -39.01,
            2.85,
            0.02714,
            5,
            2,
            84.6,
            -8.63,
            0.11749,
            3,
            7.21,
            -8.01,
            0.82708,
            4,
            -35.21,
            -25.01,
            0.00178,
            5,
            -27.22,
            -79.29,
            0.00646,
            7,
            -52.87,
            -16.78,
            0.04719,
            5,
            2,
            95.98,
            -20.54,
            0.04206,
            3,
            19.62,
            -18.83,
            0.73979,
            4,
            -19.41,
            -29.66,
            0.04201,
            5,
            -14.11,
            -69.31,
            0.04727,
            7,
            -55.29,
            -0.48,
            0.12887,
            5,
            2,
            109.77,
            -23.68,
            0.00488,
            3,
            33.64,
            -20.71,
            0.64322,
            4,
            -5.89,
            -25.51,
            0.16787,
            5,
            -9.45,
            -55.95,
            0.08224,
            7,
            -64.74,
            10.04,
            0.1018,
            4,
            3,
            41.79,
            -21.43,
            0.50857,
            4,
            1.82,
            -22.75,
            0.30349,
            5,
            -7.11,
            -48.11,
            0.10777,
            7,
            -70.48,
            15.88,
            0.08018,
            4,
            3,
            58.93,
            -17.83,
            0.14667,
            4,
            15.88,
            -12.32,
            0.7258,
            5,
            -7.2,
            -30.6,
            0.1004,
            7,
            -85.85,
            24.26,
            0.02712,
            4,
            3,
            50.32,
            -4.38,
            0.37183,
            4,
            2.45,
            -3.69,
            0.61316,
            5,
            -22.1,
            -36.32,
            0.00973,
            7,
            -88.04,
            8.44,
            0.00528,
            6,
            3,
            -32.13,
            134.74,
            0.00079,
            4,
            -130.59,
            88.24,
            0.04129,
            5,
            -174.95,
            -89.11,
            0,
            8,
            95.52,
            -26.77,
            0.56873,
            9,
            -38.44,
            -13.65,
            0.35255,
            10,
            -96.95,
            -119.53,
            0.03664,
            6,
            3,
            -25.8,
            112.84,
            0.0029,
            4,
            -115.69,
            70.99,
            0.03659,
            5,
            -152.23,
            -87.31,
            0,
            8,
            73.3,
            -21.69,
            0.73824,
            9,
            -23.09,
            3.2,
            0.21377,
            10,
            -108.68,
            -100,
            0.00849,
            3,
            3,
            -34.11,
            88.91,
            0.00038,
            4,
            -113.24,
            45.78,
            0.00223,
            8,
            56.4,
            -2.82,
            0.99739,
            3,
            2,
            37.84,
            67.26,
            0.01275,
            8,
            39.91,
            20.22,
            0.32255,
            9,
            29.81,
            11.7,
            0.66469,
            3,
            2,
            27.41,
            50.8,
            0.08014,
            8,
            29.06,
            36.4,
            0.16092,
            9,
            49.24,
            13.19,
            0.75894,
            3,
            2,
            22.47,
            33.07,
            0.30226,
            8,
            14.84,
            48.07,
            0.11279,
            9,
            66.39,
            19.84,
            0.58494,
            3,
            2,
            4.58,
            23.85,
            0.28029,
            8,
            13.62,
            68.17,
            0.00835,
            9,
            84.49,
            11.03,
            0.71135,
            4,
            2,
            -18.21,
            -12.56,
            0.29836,
            5,
            -34.75,
            -181.89,
            0,
            7,
            33.35,
            -72.9,
            0.04145,
            9,
            127.3,
            14.58,
            0.66019,
            4,
            2,
            -19.35,
            -20.44,
            0.27317,
            5,
            -27.05,
            -183.91,
            0,
            7,
            38.83,
            -67.13,
            0.07883,
            9,
            134.29,
            18.37,
            0.648,
            4,
            2,
            -22.02,
            -29.03,
            0.21334,
            5,
            -18.8,
            -187.52,
            0,
            7,
            45.97,
            -61.65,
            0.12646,
            9,
            142.78,
            21.38,
            0.66019,
            4,
            2,
            -15.11,
            -43.28,
            0.21362,
            5,
            -3.88,
            -182.23,
            0,
            7,
            48.55,
            -46.02,
            0.31595,
            9,
            150.05,
            35.45,
            0.47042,
            3,
            2,
            -26.87,
            -62.38,
            0.05935,
            7,
            69.17,
            -37.21,
            0.4378,
            9,
            172.39,
            37.46,
            0.50285,
            3,
            2,
            -26.76,
            -71.38,
            0.03536,
            7,
            74.28,
            -29.8,
            0.5544,
            9,
            179.53,
            42.94,
            0.41023,
            3,
            2,
            -36.35,
            -72.35,
            0.01959,
            7,
            82.68,
            -34.54,
            0.44361,
            9,
            186.06,
            35.83,
            0.5368,
            3,
            7,
            118.11,
            -22.37,
            0.43021,
            9,
            223.52,
            36.47,
            0.55967,
            11,
            -55.77,
            -2.43,
            0.01012,
            4,
            6,
            -90.2,
            -216.59,
            0.00015,
            7,
            125.89,
            -12.81,
            0.50242,
            9,
            233.86,
            43.16,
            0.4633,
            11,
            -60.59,
            8.91,
            0.03413,
            4,
            6,
            -84.02,
            -253.24,
            0.00004,
            7,
            162.76,
            -8.13,
            0.34196,
            9,
            270.38,
            36.23,
            0.40007,
            11,
            -47.51,
            43.7,
            0.25793,
            4,
            5,
            88.52,
            -287.17,
            0,
            7,
            185.05,
            -15.75,
            0.20872,
            9,
            289.23,
            22.11,
            0.30266,
            11,
            -30.36,
            59.86,
            0.48862,
            4,
            5,
            63.56,
            -311.85,
            0,
            7,
            194.62,
            -49.52,
            0.05347,
            9,
            287.91,
            -12.96,
            0.12329,
            11,
            3.96,
            52.55,
            0.82324,
            4,
            5,
            55,
            -316.86,
            0,
            7,
            194.87,
            -59.44,
            0.03123,
            9,
            285.09,
            -22.48,
            0.07521,
            11,
            12.86,
            48.14,
            0.89356,
            4,
            1,
            79.3,
            -80.83,
            0.00626,
            9,
            233.95,
            -47.46,
            0.01641,
            10,
            13.63,
            131.68,
            0.00681,
            11,
            28.71,
            -6.52,
            0.97052,
            4,
            1,
            30.51,
            -46.08,
            0.25522,
            9,
            174.49,
            -40.21,
            0.35924,
            10,
            -10.38,
            76.81,
            0.16167,
            11,
            11.38,
            -63.86,
            0.22386,
            4,
            1,
            11.55,
            -42.57,
            0.42383,
            9,
            156.16,
            -46.17,
            0.16822,
            10,
            -9.94,
            57.54,
            0.27575,
            11,
            14.12,
            -82.94,
            0.1322,
            3,
            1,
            -6,
            -14.49,
            0.82002,
            10,
            -33.83,
            34.61,
            0.16599,
            11,
            -6.88,
            -108.55,
            0.01399,
            2,
            1,
            0.32,
            -0.1,
            0.99991,
            11,
            -22.53,
            -107.16,
            0.00009,
            3,
            1,
            -17.58,
            15.69,
            0.17485,
            9,
            102.75,
            -8.87,
            0.79579,
            10,
            -61,
            17.08,
            0.02936,
            3,
            1,
            -30.22,
            18.15,
            0.11739,
            9,
            90.47,
            -12.74,
            0.81627,
            10,
            -60.82,
            4.21,
            0.06634,
            3,
            1,
            -30.22,
            10.07,
            0.23075,
            9,
            94.33,
            -19.83,
            0.64656,
            10,
            -52.91,
            5.87,
            0.12269,
            3,
            1,
            -36.89,
            9.37,
            0.18917,
            9,
            88.8,
            -23.63,
            0.64418,
            10,
            -50.86,
            -0.52,
            0.16665,
            3,
            1,
            -62.51,
            33.24,
            0.01329,
            9,
            54.89,
            -14.88,
            0.91079,
            10,
            -68.97,
            -30.49,
            0.07592,
            3,
            1,
            -68.12,
            35.7,
            0.00762,
            9,
            48.79,
            -15.4,
            0.91802,
            10,
            -70.23,
            -36.49,
            0.07436,
            3,
            1,
            -72.69,
            29.03,
            0.01075,
            9,
            47.96,
            -23.44,
            0.8591,
            10,
            -62.76,
            -39.59,
            0.13015,
            4,
            1,
            -96.56,
            39.56,
            0.0003,
            5,
            -139.06,
            -139.13,
            0,
            9,
            21.96,
            -25.58,
            0.89097,
            10,
            -68.18,
            -65.11,
            0.10873,
            4,
            5,
            -143.13,
            -129.72,
            0,
            8,
            77.3,
            21.5,
            0.00852,
            9,
            12.55,
            -21.5,
            0.91408,
            10,
            -74.79,
            -72.94,
            0.0774,
            5,
            4,
            -147.99,
            65.48,
            0.00595,
            5,
            -166.91,
            -116.6,
            0,
            8,
            96.07,
            1.87,
            0.24058,
            9,
            -13.76,
            -28.2,
            0.66246,
            10,
            -75.92,
            -100.08,
            0.091,
            6,
            3,
            -48.2,
            123.29,
            0.00001,
            4,
            -140.41,
            71.13,
            0.01279,
            5,
            -166.98,
            -107.15,
            0,
            8,
            93.3,
            -7.17,
            0.37095,
            9,
            -20.28,
            -21.36,
            0.55392,
            10,
            -84.35,
            -104.35,
            0.06233,
            6,
            3,
            -46.81,
            136.22,
            0.00002,
            4,
            -144.55,
            83.46,
            0.02018,
            5,
            -179.36,
            -103.19,
            0,
            8,
            103.94,
            -14.66,
            0.40276,
            9,
            -32.03,
            -26.94,
            0.50261,
            10,
            -82.38,
            -117.21,
            0.07442,
            3,
            2,
            31.72,
            -39.2,
            0.36119,
            7,
            7.95,
            -22.32,
            0.62799,
            9,
            118.75,
            70.52,
            0.01082,
            6,
            2,
            71.81,
            -48.93,
            0.07352,
            3,
            -1.87,
            -49.3,
            0.16032,
            4,
            -26.2,
            -66.32,
            0.021,
            5,
            11.41,
            -96.49,
            0.06513,
            6,
            -74.55,
            -70.78,
            0.00374,
            7,
            -19.17,
            8.75,
            0.67629,
            6,
            2,
            65.18,
            -60.38,
            0.0124,
            3,
            -7.43,
            -61.31,
            0.0665,
            4,
            -26.24,
            -79.55,
            0.01323,
            5,
            22.05,
            -104.35,
            0.05986,
            6,
            -68.54,
            -82.57,
            0.01055,
            7,
            -7.15,
            14.28,
            0.83746,
            5,
            3,
            -27.84,
            -94.67,
            0.00234,
            4,
            -30.84,
            -118.38,
            0.00155,
            5,
            50.62,
            -131.05,
            0.03797,
            6,
            -54.9,
            -119.22,
            0.03592,
            7,
            30.03,
            26.41,
            0.92221,
            3,
            5,
            62.98,
            -176.73,
            0.00428,
            6,
            -64.25,
            -165.61,
            0.01082,
            7,
            76,
            15.19,
            0.98489,
            5,
            5,
            77.84,
            -196.22,
            0.00302,
            6,
            -59.66,
            -189.68,
            0.01111,
            7,
            100.24,
            18.8,
            0.94525,
            9,
            219.23,
            81.15,
            0.03839,
            11,
            -100.52,
            0.99,
            0.00224,
            5,
            5,
            83.78,
            -213.73,
            0.00129,
            6,
            -62.17,
            -208.01,
            0.00664,
            7,
            118.45,
            15.55,
            0.81881,
            9,
            235.54,
            72.43,
            0.15585,
            11,
            -89.14,
            15.58,
            0.01742,
            5,
            5,
            108.13,
            -245.5,
            0.00025,
            6,
            -54.57,
            -247.3,
            0.00275,
            7,
            158.02,
            21.53,
            0.58436,
            9,
            275.03,
            65.91,
            0.28644,
            11,
            -75.96,
            53.36,
            0.1262,
            5,
            5,
            108.6,
            -264.49,
            0.00001,
            6,
            -62.63,
            -264.5,
            0.0005,
            7,
            174.88,
            12.79,
            0.42549,
            9,
            288.37,
            52.39,
            0.32812,
            11,
            -60.35,
            64.19,
            0.24589,
            4,
            6,
            -68.93,
            -263.18,
            0.00026,
            7,
            173.3,
            6.54,
            0.39431,
            9,
            284.94,
            46.93,
            0.33966,
            11,
            -55.56,
            59.88,
            0.26578,
            5,
            5,
            64.15,
            -226.38,
            0.00002,
            6,
            -85.38,
            -210.55,
            0.00047,
            7,
            120.05,
            -7.75,
            0.60804,
            9,
            229.87,
            49.78,
            0.37231,
            11,
            -67.79,
            6.11,
            0.01916,
            3,
            2,
            -35.83,
            -98.91,
            0.00066,
            7,
            97.58,
            -12.55,
            0.75636,
            9,
            207.02,
            52.15,
            0.24298,
            3,
            2,
            -22.98,
            -78.78,
            0.02171,
            7,
            75.46,
            -21.57,
            0.7,
            9,
            183.2,
            50.4,
            0.27829,
            4,
            2,
            -1.03,
            -57.14,
            0.15469,
            5,
            11.47,
            -169.79,
            0,
            7,
            45.06,
            -26.58,
            0.64051,
            9,
            152.73,
            55.02,
            0.2048,
            4,
            2,
            14.1,
            -40.9,
            0.37912,
            5,
            -2.99,
            -152.94,
            0,
            7,
            23.33,
            -31.11,
            0.52821,
            9,
            130.66,
            57.42,
            0.09268
          ],
          "hull": 6
        }
      },
      "light2": {
        "light2": {
          "x": 15.25,
          "y": -32.02,
          "rotation": -126.28,
          "width": 306,
          "height": 365
        }
      }
    }
  },
  "animations": {
    "animation": {
      "bones": {
        "root": {
          "rotate": [
            {
              "time": 0,
              "angle": 0,
              "curve": "stepped"
            },
            {
              "time": 3,
              "angle": 0
            }
          ],
          "translate": [
            {
              "time": 0,
              "x": 0,
              "y": 0,
              "curve": "stepped"
            },
            {
              "time": 3,
              "x": 0,
              "y": 0
            }
          ],
          "scale": [
            {
              "time": 0,
              "x": 1,
              "y": 1,
              "curve": "stepped"
            },
            {
              "time": 3,
              "x": 1,
              "y": 1
            }
          ]
        },
        "light2": {
          "rotate": [
            {
              "time": 0,
              "angle": 0,
              "curve": "stepped"
            },
            {
              "time": 3,
              "angle": 0
            }
          ],
          "translate": [
            {
              "time": 0,
              "x": 0,
              "y": 0,
              "curve": "stepped"
            },
            {
              "time": 3,
              "x": 0,
              "y": 0
            }
          ],
          "scale": [
            {
              "time": 0,
              "x": 1,
              "y": 1
            },
            {
              "time": 1.5,
              "x": 1.112,
              "y": 1.286
            },
            {
              "time": 3,
              "x": 1,
              "y": 1
            }
          ]
        },
        "P_1": {
          "rotate": [
            {
              "time": 0,
              "angle": 0,
              "curve": "stepped"
            },
            {
              "time": 3,
              "angle": 0
            }
          ],
          "translate": [
            {
              "time": 0,
              "x": 0,
              "y": 0,
              "curve": "stepped"
            },
            {
              "time": 3,
              "x": 0,
              "y": 0
            }
          ],
          "scale": [
            {
              "time": 0,
              "x": 1,
              "y": 1,
              "curve": "stepped"
            },
            {
              "time": 3,
              "x": 1,
              "y": 1
            }
          ]
        },
        "P_2": {
          "rotate": [
            {
              "time": 0,
              "angle": 0
            },
            {
              "time": 1.3333,
              "angle": -5.41
            },
            {
              "time": 3,
              "angle": 0
            }
          ],
          "translate": [
            {
              "time": 0,
              "x": 0,
              "y": 0,
              "curve": "stepped"
            },
            {
              "time": 3,
              "x": 0,
              "y": 0
            }
          ],
          "scale": [
            {
              "time": 0,
              "x": 1,
              "y": 1,
              "curve": "stepped"
            },
            {
              "time": 3,
              "x": 1,
              "y": 1
            }
          ]
        },
        "P_3": {
          "rotate": [
            {
              "time": 0,
              "angle": 0
            },
            {
              "time": 1.5,
              "angle": -4.84
            },
            {
              "time": 3,
              "angle": 0
            }
          ],
          "translate": [
            {
              "time": 0,
              "x": 0,
              "y": 0,
              "curve": "stepped"
            },
            {
              "time": 3,
              "x": 0,
              "y": 0
            }
          ],
          "scale": [
            {
              "time": 0,
              "x": 1,
              "y": 1,
              "curve": "stepped"
            },
            {
              "time": 3,
              "x": 1,
              "y": 1
            }
          ]
        },
        "P_4": {
          "rotate": [
            {
              "time": 0,
              "angle": 0
            },
            {
              "time": 0.7333,
              "angle": 3.98
            },
            {
              "time": 1.5,
              "angle": 0
            },
            {
              "time": 2.2667,
              "angle": -3.51
            },
            {
              "time": 3,
              "angle": 0
            }
          ],
          "translate": [
            {
              "time": 0,
              "x": 0,
              "y": 0,
              "curve": "stepped"
            },
            {
              "time": 1.5,
              "x": 0,
              "y": 0,
              "curve": "stepped"
            },
            {
              "time": 3,
              "x": 0,
              "y": 0
            }
          ],
          "scale": [
            {
              "time": 0,
              "x": 1,
              "y": 1,
              "curve": "stepped"
            },
            {
              "time": 1.5,
              "x": 1,
              "y": 1,
              "curve": "stepped"
            },
            {
              "time": 3,
              "x": 1,
              "y": 1
            }
          ]
        },
        "P_5": {
          "rotate": [
            {
              "time": 0,
              "angle": 0
            },
            {
              "time": 0.7333,
              "angle": 3.98
            },
            {
              "time": 1.5,
              "angle": 0
            },
            {
              "time": 2.2667,
              "angle": -3.51
            },
            {
              "time": 3,
              "angle": 0
            }
          ],
          "translate": [
            {
              "time": 0,
              "x": 0,
              "y": 0,
              "curve": "stepped"
            },
            {
              "time": 1.5,
              "x": 0,
              "y": 0,
              "curve": "stepped"
            },
            {
              "time": 3,
              "x": 0,
              "y": 0
            }
          ],
          "scale": [
            {
              "time": 0,
              "x": 1,
              "y": 1,
              "curve": "stepped"
            },
            {
              "time": 1.5,
              "x": 1,
              "y": 1,
              "curve": "stepped"
            },
            {
              "time": 3,
              "x": 1,
              "y": 1
            }
          ]
        },
        "P_6": {
          "rotate": [
            {
              "time": 0,
              "angle": 0
            },
            {
              "time": 0.7333,
              "angle": 3.98
            },
            {
              "time": 1.5,
              "angle": 0
            },
            {
              "time": 2.2667,
              "angle": -3.51
            },
            {
              "time": 3,
              "angle": 0
            }
          ],
          "translate": [
            {
              "time": 0,
              "x": 0,
              "y": 0,
              "curve": "stepped"
            },
            {
              "time": 1.5,
              "x": 0,
              "y": 0,
              "curve": "stepped"
            },
            {
              "time": 3,
              "x": 0,
              "y": 0
            }
          ],
          "scale": [
            {
              "time": 0,
              "x": 1,
              "y": 1,
              "curve": "stepped"
            },
            {
              "time": 1.5,
              "x": 1,
              "y": 1,
              "curve": "stepped"
            },
            {
              "time": 3,
              "x": 1,
              "y": 1
            }
          ]
        },
        "P_7": {
          "rotate": [
            {
              "time": 0,
              "angle": 0
            },
            {
              "time": 1.5,
              "angle": 4.99
            },
            {
              "time": 3,
              "angle": 0
            }
          ],
          "translate": [
            {
              "time": 0,
              "x": 0,
              "y": 0,
              "curve": "stepped"
            },
            {
              "time": 3,
              "x": 0,
              "y": 0
            }
          ],
          "scale": [
            {
              "time": 0,
              "x": 1,
              "y": 1,
              "curve": "stepped"
            },
            {
              "time": 3,
              "x": 1,
              "y": 1
            }
          ]
        },
        "P_8": {
          "rotate": [
            {
              "time": 0,
              "angle": 0,
              "curve": "stepped"
            },
            {
              "time": 3,
              "angle": 0
            }
          ],
          "translate": [
            {
              "time": 0,
              "x": 0,
              "y": 0,
              "curve": "stepped"
            },
            {
              "time": 3,
              "x": 0,
              "y": 0
            }
          ],
          "scale": [
            {
              "time": 0,
              "x": 1,
              "y": 1,
              "curve": "stepped"
            },
            {
              "time": 3,
              "x": 1,
              "y": 1
            }
          ]
        },
        "P_9": {
          "rotate": [
            {
              "time": 0,
              "angle": 0
            },
            {
              "time": 1.5,
              "angle": -4.11
            },
            {
              "time": 3,
              "angle": 0
            }
          ],
          "translate": [
            {
              "time": 0,
              "x": 0,
              "y": 0,
              "curve": "stepped"
            },
            {
              "time": 3,
              "x": 0,
              "y": 0
            }
          ],
          "scale": [
            {
              "time": 0,
              "x": 1,
              "y": 1,
              "curve": "stepped"
            },
            {
              "time": 3,
              "x": 1,
              "y": 1
            }
          ]
        },
        "P_10": {
          "rotate": [
            {
              "time": 0,
              "angle": 0
            },
            {
              "time": 1.5,
              "angle": -5.76
            },
            {
              "time": 3,
              "angle": 0
            }
          ],
          "translate": [
            {
              "time": 0,
              "x": 0,
              "y": 0,
              "curve": "stepped"
            },
            {
              "time": 3,
              "x": 0,
              "y": 0
            }
          ],
          "scale": [
            {
              "time": 0,
              "x": 1,
              "y": 1,
              "curve": "stepped"
            },
            {
              "time": 3,
              "x": 1,
              "y": 1
            }
          ]
        },
        "P_11": {
          "rotate": [
            {
              "time": 0,
              "angle": 0
            },
            {
              "time": 1.5,
              "angle": 9.04
            },
            {
              "time": 3,
              "angle": 0
            }
          ],
          "translate": [
            {
              "time": 0,
              "x": 0,
              "y": 0,
              "curve": "stepped"
            },
            {
              "time": 3,
              "x": 0,
              "y": 0
            }
          ],
          "scale": [
            {
              "time": 0,
              "x": 1,
              "y": 1,
              "curve": "stepped"
            },
            {
              "time": 3,
              "x": 1,
              "y": 1
            }
          ]
        }
      }
    }
  }
}